{
    "SFXVol": 0.30000001192092898,
    "musicVol": 0.30000001192092898,
    "uiVol": 0.30000001192092898
}